{
  "sonGuncelleme": 1724366294565,
  "btc": 1774632.7305530945,
  "dogecoin": 4.474867291884997,
  "altın": 2331.2816271760976,
  "ethereum": 71535.02156183179,
  "euro": 38.883593140838,
  "dolar": 45.76996813387202,
  "elmas": 1033561.6784748189
}